Unnamed: 0,louvain,celltype,label
0,13,ExcitatoryL2and3,3
1,3,ExcitatoryL2and3,3
2,3,ExcitatoryL2and3,3
3,7,Inhibitory,2
4,6,ExcitatoryL4,4
5,7,Inhibitory,2
6,3,ExcitatoryL2and3,3
7,7,Inhibitory,2
8,3,ExcitatoryL2and3,3
9,3,ExcitatoryL2and3,3
10,3,ExcitatoryL2and3,3
11,3,ExcitatoryL2and3,3
12,20,Other,6
13,3,ExcitatoryL2and3,3
14,3,ExcitatoryL2and3,3
15,7,Inhibitory,2
16,19,Astro,0
17,3,ExcitatoryL2and3,3
18,20,Other,6
19,9,ExcitatoryL2and3,3
20,3,ExcitatoryL2and3,3
21,7,Inhibitory,2
22,2,Endo,1
23,7,Inhibitory,2
24,6,ExcitatoryL4,4
25,7,Inhibitory,2
26,6,ExcitatoryL4,4
27,6,ExcitatoryL4,4
28,3,ExcitatoryL2and3,3
29,6,ExcitatoryL4,4
30,3,ExcitatoryL2and3,3
31,3,ExcitatoryL2and3,3
32,3,ExcitatoryL2and3,3
33,3,ExcitatoryL2and3,3
34,2,Endo,1
35,23,Inhibitory,2
36,10,Astro,0
37,2,Endo,1
38,20,Other,6
39,10,Astro,0
40,3,ExcitatoryL2and3,3
41,10,Astro,0
42,10,Astro,0
43,2,Endo,1
44,10,Astro,0
45,20,Other,6
46,7,Inhibitory,2
47,10,Astro,0
48,7,Inhibitory,2
49,20,Other,6
50,10,Astro,0
51,3,ExcitatoryL2and3,3
52,7,Inhibitory,2
53,25,Other,6
54,3,ExcitatoryL2and3,3
55,13,ExcitatoryL2and3,3
56,3,ExcitatoryL2and3,3
57,3,ExcitatoryL2and3,3
58,3,ExcitatoryL2and3,3
59,7,Inhibitory,2
60,3,ExcitatoryL2and3,3
61,7,Inhibitory,2
62,3,ExcitatoryL2and3,3
63,3,ExcitatoryL2and3,3
64,13,ExcitatoryL2and3,3
65,20,Other,6
66,13,ExcitatoryL2and3,3
67,6,ExcitatoryL4,4
68,3,ExcitatoryL2and3,3
69,6,ExcitatoryL4,4
70,6,ExcitatoryL4,4
71,13,ExcitatoryL2and3,3
72,9,ExcitatoryL2and3,3
73,3,ExcitatoryL2and3,3
74,6,ExcitatoryL4,4
75,6,ExcitatoryL4,4
76,6,ExcitatoryL4,4
77,20,Other,6
78,3,ExcitatoryL2and3,3
79,3,ExcitatoryL2and3,3
80,6,ExcitatoryL4,4
81,6,ExcitatoryL4,4
82,6,ExcitatoryL4,4
83,6,ExcitatoryL4,4
84,3,ExcitatoryL2and3,3
85,7,Inhibitory,2
86,2,Endo,1
87,9,ExcitatoryL2and3,3
88,3,ExcitatoryL2and3,3
89,3,ExcitatoryL2and3,3
90,3,ExcitatoryL2and3,3
91,6,ExcitatoryL4,4
92,6,ExcitatoryL4,4
93,7,Inhibitory,2
94,9,ExcitatoryL2and3,3
95,3,ExcitatoryL2and3,3
96,3,ExcitatoryL2and3,3
97,3,ExcitatoryL2and3,3
98,3,ExcitatoryL2and3,3
99,10,Astro,0
100,3,ExcitatoryL2and3,3
101,3,ExcitatoryL2and3,3
102,3,ExcitatoryL2and3,3
103,3,ExcitatoryL2and3,3
104,25,Other,6
105,25,Other,6
106,7,Inhibitory,2
107,13,ExcitatoryL2and3,3
108,3,ExcitatoryL2and3,3
109,7,Inhibitory,2
110,6,ExcitatoryL4,4
111,3,ExcitatoryL2and3,3
112,3,ExcitatoryL2and3,3
113,7,Inhibitory,2
114,3,ExcitatoryL2and3,3
115,2,Endo,1
116,2,Endo,1
117,10,Astro,0
118,3,ExcitatoryL2and3,3
119,18,ExcitatoryL5and6,5
120,6,ExcitatoryL4,4
121,9,ExcitatoryL2and3,3
122,9,ExcitatoryL2and3,3
123,25,Other,6
124,19,Astro,0
125,2,Endo,1
126,9,ExcitatoryL2and3,3
127,13,ExcitatoryL2and3,3
128,9,ExcitatoryL2and3,3
129,6,ExcitatoryL4,4
130,19,Astro,0
131,9,ExcitatoryL2and3,3
132,9,ExcitatoryL2and3,3
133,9,ExcitatoryL2and3,3
134,13,ExcitatoryL2and3,3
135,13,ExcitatoryL2and3,3
136,10,Astro,0
137,9,ExcitatoryL2and3,3
138,13,ExcitatoryL2and3,3
139,9,ExcitatoryL2and3,3
140,19,Astro,0
141,13,ExcitatoryL2and3,3
142,6,ExcitatoryL4,4
143,6,ExcitatoryL4,4
144,9,ExcitatoryL2and3,3
145,25,Other,6
146,23,Inhibitory,2
147,3,ExcitatoryL2and3,3
148,19,Astro,0
149,6,ExcitatoryL4,4
150,7,Inhibitory,2
151,9,ExcitatoryL2and3,3
152,9,ExcitatoryL2and3,3
153,9,ExcitatoryL2and3,3
154,2,Endo,1
155,2,Endo,1
156,6,ExcitatoryL4,4
157,3,ExcitatoryL2and3,3
158,9,ExcitatoryL2and3,3
159,10,Astro,0
160,3,ExcitatoryL2and3,3
161,3,ExcitatoryL2and3,3
162,6,ExcitatoryL4,4
163,9,ExcitatoryL2and3,3
164,9,ExcitatoryL2and3,3
165,9,ExcitatoryL2and3,3
166,20,Other,6
167,2,Endo,1
168,19,Astro,0
169,6,ExcitatoryL4,4
170,10,Astro,0
171,9,ExcitatoryL2and3,3
172,3,ExcitatoryL2and3,3
173,6,ExcitatoryL4,4
174,3,ExcitatoryL2and3,3
175,6,ExcitatoryL4,4
176,7,Inhibitory,2
177,2,Endo,1
178,6,ExcitatoryL4,4
179,9,ExcitatoryL2and3,3
180,9,ExcitatoryL2and3,3
181,19,Astro,0
182,9,ExcitatoryL2and3,3
183,6,ExcitatoryL4,4
184,6,ExcitatoryL4,4
185,9,ExcitatoryL2and3,3
186,6,ExcitatoryL4,4
187,3,ExcitatoryL2and3,3
188,6,ExcitatoryL4,4
189,19,Astro,0
190,9,ExcitatoryL2and3,3
191,3,ExcitatoryL2and3,3
192,10,Astro,0
193,19,Astro,0
194,6,ExcitatoryL4,4
195,19,Astro,0
196,6,ExcitatoryL4,4
197,2,Endo,1
198,7,Inhibitory,2
199,6,ExcitatoryL4,4
200,13,ExcitatoryL2and3,3
201,10,Astro,0
202,9,ExcitatoryL2and3,3
203,2,Endo,1
204,9,ExcitatoryL2and3,3
205,2,Endo,1
206,9,ExcitatoryL2and3,3
207,13,ExcitatoryL2and3,3
208,3,ExcitatoryL2and3,3
209,6,ExcitatoryL4,4
210,9,ExcitatoryL2and3,3
211,19,Astro,0
212,2,Endo,1
213,6,ExcitatoryL4,4
214,20,Other,6
215,6,ExcitatoryL4,4
216,13,ExcitatoryL2and3,3
217,6,ExcitatoryL4,4
218,13,ExcitatoryL2and3,3
219,7,Inhibitory,2
220,2,Endo,1
221,6,ExcitatoryL4,4
222,6,ExcitatoryL4,4
223,13,ExcitatoryL2and3,3
224,13,ExcitatoryL2and3,3
225,6,ExcitatoryL4,4
226,2,Endo,1
227,9,ExcitatoryL2and3,3
228,13,ExcitatoryL2and3,3
229,9,ExcitatoryL2and3,3
230,18,ExcitatoryL5and6,5
231,12,Other,6
232,5,ExcitatoryL5and6,5
233,6,ExcitatoryL4,4
234,9,ExcitatoryL2and3,3
235,18,ExcitatoryL5and6,5
236,13,ExcitatoryL2and3,3
237,11,ExcitatoryL5and6,5
238,19,Astro,0
239,2,Endo,1
240,19,Astro,0
241,18,ExcitatoryL5and6,5
242,5,ExcitatoryL5and6,5
243,8,Other,6
244,10,Astro,0
245,7,Inhibitory,2
246,19,Astro,0
247,5,ExcitatoryL5and6,5
248,4,ExcitatoryL5and6,5
249,18,ExcitatoryL5and6,5
250,18,ExcitatoryL5and6,5
251,18,ExcitatoryL5and6,5
252,2,Endo,1
253,19,Astro,0
254,18,ExcitatoryL5and6,5
255,19,Astro,0
256,10,Astro,0
257,9,ExcitatoryL2and3,3
258,13,ExcitatoryL2and3,3
259,18,ExcitatoryL5and6,5
260,7,Inhibitory,2
261,17,Other,6
262,18,ExcitatoryL5and6,5
263,2,Endo,1
264,23,Inhibitory,2
265,2,Endo,1
266,23,Inhibitory,2
267,23,Inhibitory,2
268,18,ExcitatoryL5and6,5
269,18,ExcitatoryL5and6,5
270,16,Other,6
271,11,ExcitatoryL5and6,5
272,11,ExcitatoryL5and6,5
273,5,ExcitatoryL5and6,5
274,23,Inhibitory,2
275,19,Astro,0
276,18,ExcitatoryL5and6,5
277,13,ExcitatoryL2and3,3
278,7,Inhibitory,2
279,13,ExcitatoryL2and3,3
280,5,ExcitatoryL5and6,5
281,2,Endo,1
282,10,Astro,0
283,13,ExcitatoryL2and3,3
284,8,Other,6
285,18,ExcitatoryL5and6,5
286,5,ExcitatoryL5and6,5
287,10,Astro,0
288,5,ExcitatoryL5and6,5
289,20,Other,6
290,19,Astro,0
291,4,ExcitatoryL5and6,5
292,9,ExcitatoryL2and3,3
293,23,Inhibitory,2
294,9,ExcitatoryL2and3,3
295,8,Other,6
296,2,Endo,1
297,10,Astro,0
298,18,ExcitatoryL5and6,5
299,12,Other,6
300,5,ExcitatoryL5and6,5
301,25,Other,6
302,23,Inhibitory,2
303,18,ExcitatoryL5and6,5
304,13,ExcitatoryL2and3,3
305,16,Other,6
306,13,ExcitatoryL2and3,3
307,12,Other,6
308,8,Other,6
309,23,Inhibitory,2
310,8,Other,6
311,18,ExcitatoryL5and6,5
312,18,ExcitatoryL5and6,5
313,23,Inhibitory,2
314,2,Endo,1
315,25,Other,6
316,11,ExcitatoryL5and6,5
317,5,ExcitatoryL5and6,5
318,2,Endo,1
319,5,ExcitatoryL5and6,5
320,5,ExcitatoryL5and6,5
321,4,ExcitatoryL5and6,5
322,4,ExcitatoryL5and6,5
323,4,ExcitatoryL5and6,5
324,5,ExcitatoryL5and6,5
325,10,Astro,0
326,5,ExcitatoryL5and6,5
327,2,Endo,1
328,5,ExcitatoryL5and6,5
329,23,Inhibitory,2
330,20,Other,6
331,16,Other,6
332,5,ExcitatoryL5and6,5
333,20,Other,6
334,4,ExcitatoryL5and6,5
335,10,Astro,0
336,5,ExcitatoryL5and6,5
337,5,ExcitatoryL5and6,5
338,4,ExcitatoryL5and6,5
339,10,Astro,0
340,16,Other,6
341,4,ExcitatoryL5and6,5
342,26,Other,6
343,5,ExcitatoryL5and6,5
344,20,Other,6
345,4,ExcitatoryL5and6,5
346,10,Astro,0
347,4,ExcitatoryL5and6,5
348,11,ExcitatoryL5and6,5
349,2,Endo,1
350,4,ExcitatoryL5and6,5
351,4,ExcitatoryL5and6,5
352,4,ExcitatoryL5and6,5
353,2,Endo,1
354,5,ExcitatoryL5and6,5
355,5,ExcitatoryL5and6,5
356,6,ExcitatoryL4,4
357,10,Astro,0
358,7,Inhibitory,2
359,5,ExcitatoryL5and6,5
360,2,Endo,1
361,2,Endo,1
362,4,ExcitatoryL5and6,5
363,4,ExcitatoryL5and6,5
364,19,Astro,0
365,11,ExcitatoryL5and6,5
366,16,Other,6
367,6,ExcitatoryL4,4
368,11,ExcitatoryL5and6,5
369,4,ExcitatoryL5and6,5
370,4,ExcitatoryL5and6,5
371,4,ExcitatoryL5and6,5
372,7,Inhibitory,2
373,4,ExcitatoryL5and6,5
374,5,ExcitatoryL5and6,5
375,4,ExcitatoryL5and6,5
376,4,ExcitatoryL5and6,5
377,4,ExcitatoryL5and6,5
378,4,ExcitatoryL5and6,5
379,2,Endo,1
380,5,ExcitatoryL5and6,5
381,23,Inhibitory,2
382,5,ExcitatoryL5and6,5
383,5,ExcitatoryL5and6,5
384,2,Endo,1
385,4,ExcitatoryL5and6,5
386,11,ExcitatoryL5and6,5
387,11,ExcitatoryL5and6,5
388,14,Other,6
389,5,ExcitatoryL5and6,5
390,11,ExcitatoryL5and6,5
391,5,ExcitatoryL5and6,5
392,9,ExcitatoryL2and3,3
393,23,Inhibitory,2
394,18,ExcitatoryL5and6,5
395,6,ExcitatoryL4,4
396,5,ExcitatoryL5and6,5
397,19,Astro,0
398,2,Endo,1
399,5,ExcitatoryL5and6,5
400,18,ExcitatoryL5and6,5
401,4,ExcitatoryL5and6,5
402,4,ExcitatoryL5and6,5
403,2,Endo,1
404,4,ExcitatoryL5and6,5
405,4,ExcitatoryL5and6,5
406,4,ExcitatoryL5and6,5
407,2,Endo,1
408,5,ExcitatoryL5and6,5
409,16,Other,6
410,13,ExcitatoryL2and3,3
411,23,Inhibitory,2
412,4,ExcitatoryL5and6,5
413,4,ExcitatoryL5and6,5
414,11,ExcitatoryL5and6,5
415,18,ExcitatoryL5and6,5
416,11,ExcitatoryL5and6,5
417,11,ExcitatoryL5and6,5
418,5,ExcitatoryL5and6,5
419,5,ExcitatoryL5and6,5
420,4,ExcitatoryL5and6,5
421,18,ExcitatoryL5and6,5
422,16,Other,6
423,10,Astro,0
424,16,Other,6
425,16,Other,6
426,10,Astro,0
427,25,Other,6
428,16,Other,6
429,2,Endo,1
430,16,Other,6
431,25,Other,6
432,2,Endo,1
433,16,Other,6
434,5,ExcitatoryL5and6,5
435,4,ExcitatoryL5and6,5
436,4,ExcitatoryL5and6,5
437,2,Endo,1
438,5,ExcitatoryL5and6,5
439,5,ExcitatoryL5and6,5
440,11,ExcitatoryL5and6,5
441,4,ExcitatoryL5and6,5
442,2,Endo,1
443,11,ExcitatoryL5and6,5
444,4,ExcitatoryL5and6,5
445,18,ExcitatoryL5and6,5
446,4,ExcitatoryL5and6,5
447,25,Other,6
448,11,ExcitatoryL5and6,5
449,5,ExcitatoryL5and6,5
450,20,Other,6
451,5,ExcitatoryL5and6,5
452,16,Other,6
453,11,ExcitatoryL5and6,5
454,11,ExcitatoryL5and6,5
455,2,Endo,1
456,11,ExcitatoryL5and6,5
457,5,ExcitatoryL5and6,5
458,10,Astro,0
459,10,Astro,0
460,2,Endo,1
461,2,Endo,1
462,4,ExcitatoryL5and6,5
463,5,ExcitatoryL5and6,5
464,4,ExcitatoryL5and6,5
465,4,ExcitatoryL5and6,5
466,11,ExcitatoryL5and6,5
467,4,ExcitatoryL5and6,5
468,4,ExcitatoryL5and6,5
469,4,ExcitatoryL5and6,5
470,5,ExcitatoryL5and6,5
471,5,ExcitatoryL5and6,5
472,20,Other,6
473,4,ExcitatoryL5and6,5
474,4,ExcitatoryL5and6,5
475,4,ExcitatoryL5and6,5
476,4,ExcitatoryL5and6,5
477,4,ExcitatoryL5and6,5
478,13,ExcitatoryL2and3,3
479,6,ExcitatoryL4,4
480,18,ExcitatoryL5and6,5
481,2,Endo,1
482,11,ExcitatoryL5and6,5
483,2,Endo,1
484,18,ExcitatoryL5and6,5
485,25,Other,6
486,10,Astro,0
487,16,Other,6
488,11,ExcitatoryL5and6,5
489,16,Other,6
490,10,Astro,0
491,5,ExcitatoryL5and6,5
492,11,ExcitatoryL5and6,5
493,11,ExcitatoryL5and6,5
494,5,ExcitatoryL5and6,5
495,7,Inhibitory,2
496,10,Astro,0
497,4,ExcitatoryL5and6,5
498,4,ExcitatoryL5and6,5
499,22,Other,6
500,11,ExcitatoryL5and6,5
501,12,Other,6
502,4,ExcitatoryL5and6,5
503,5,ExcitatoryL5and6,5
504,10,Astro,0
505,25,Other,6
506,25,Other,6
507,5,ExcitatoryL5and6,5
508,7,Inhibitory,2
509,16,Other,6
510,5,ExcitatoryL5and6,5
511,10,Astro,0
512,11,ExcitatoryL5and6,5
513,5,ExcitatoryL5and6,5
514,5,ExcitatoryL5and6,5
515,19,Astro,0
516,5,ExcitatoryL5and6,5
517,5,ExcitatoryL5and6,5
518,4,ExcitatoryL5and6,5
519,4,ExcitatoryL5and6,5
520,11,ExcitatoryL5and6,5
521,11,ExcitatoryL5and6,5
522,5,ExcitatoryL5and6,5
523,8,Other,6
