Unnamed: 0,Cluster,celltype,label
0,0,ExcitatoryL4,0
1,1,ExcitatoryL2and3,1
2,2,ExcitatoryL6,2
3,0,ExcitatoryL4,0
4,0,ExcitatoryL4,0
5,1,ExcitatoryL2and3,1
6,3,ExcitatoryL6,2
7,2,ExcitatoryL6,2
8,4,ExcitatoryL5,3
9,2,ExcitatoryL6,2
10,10,Olig,4
11,11,Endo,5
12,1,ExcitatoryL2and3,1
13,4,ExcitatoryL5,3
14,2,ExcitatoryL6,2
15,12,Micro,6
16,0,ExcitatoryL4,0
17,1,ExcitatoryL2and3,1
18,1,ExcitatoryL2and3,1
19,1,ExcitatoryL2and3,1
20,1,ExcitatoryL2and3,1
21,2,ExcitatoryL6,2
22,11,Endo,5
23,10,Olig,4
24,11,Endo,5
25,13,Astro,7
26,2,ExcitatoryL6,2
27,0,ExcitatoryL4,0
28,0,ExcitatoryL4,0
29,2,ExcitatoryL6,2
30,0,ExcitatoryL4,0
31,13,Astro,7
32,1,ExcitatoryL2and3,1
33,11,Endo,5
34,1,ExcitatoryL2and3,1
35,4,ExcitatoryL5,3
36,1,ExcitatoryL2and3,1
37,14,Other,8
38,11,Endo,5
39,0,ExcitatoryL4,0
40,13,Astro,7
41,4,ExcitatoryL5,3
42,4,ExcitatoryL5,3
43,10,Olig,4
44,2,ExcitatoryL6,2
45,4,ExcitatoryL5,3
46,4,ExcitatoryL5,3
47,10,Olig,4
48,10,Olig,4
49,1,ExcitatoryL2and3,1
50,11,Endo,5
51,3,ExcitatoryL6,2
52,0,ExcitatoryL4,0
53,12,Micro,6
54,1,ExcitatoryL2and3,1
55,11,Endo,5
56,1,ExcitatoryL2and3,1
57,2,ExcitatoryL6,2
58,11,Endo,5
59,1,ExcitatoryL2and3,1
60,13,Astro,7
61,10,Olig,4
62,2,ExcitatoryL6,2
63,0,ExcitatoryL4,0
64,10,Olig,4
65,0,ExcitatoryL4,0
66,2,ExcitatoryL6,2
67,11,Endo,5
68,4,ExcitatoryL5,3
69,0,ExcitatoryL4,0
70,1,ExcitatoryL2and3,1
71,2,ExcitatoryL6,2
72,11,Endo,5
73,1,ExcitatoryL2and3,1
74,12,Micro,6
75,10,Olig,4
76,10,Olig,4
77,4,ExcitatoryL5,3
78,10,Olig,4
79,5,HPC,9
80,1,ExcitatoryL2and3,1
81,10,Olig,4
82,6,Vip,10
83,2,ExcitatoryL6,2
84,10,Olig,4
85,0,ExcitatoryL4,0
86,0,ExcitatoryL4,0
87,2,ExcitatoryL6,2
88,0,ExcitatoryL4,0
89,2,ExcitatoryL6,2
90,11,Endo,5
91,2,ExcitatoryL6,2
92,0,ExcitatoryL4,0
93,2,ExcitatoryL6,2
94,3,ExcitatoryL6,2
95,1,ExcitatoryL2and3,1
96,13,Astro,7
97,1,ExcitatoryL2and3,1
98,0,ExcitatoryL4,0
99,0,ExcitatoryL4,0
100,10,Olig,4
101,3,ExcitatoryL6,2
102,0,ExcitatoryL4,0
103,5,HPC,9
104,11,Endo,5
105,2,ExcitatoryL6,2
106,7,Pvalb,11
107,1,ExcitatoryL2and3,1
108,10,Olig,4
109,0,ExcitatoryL4,0
110,0,ExcitatoryL4,0
111,6,Vip,10
112,3,ExcitatoryL6,2
113,2,ExcitatoryL6,2
114,10,Olig,4
115,8,Sst,12
116,8,Sst,12
117,4,ExcitatoryL5,3
118,0,ExcitatoryL4,0
119,0,ExcitatoryL4,0
120,4,ExcitatoryL5,3
121,0,ExcitatoryL4,0
122,13,Astro,7
123,8,Sst,12
124,10,Olig,4
125,3,ExcitatoryL6,2
126,13,Astro,7
127,11,Endo,5
128,2,ExcitatoryL6,2
129,10,Olig,4
130,2,ExcitatoryL6,2
131,2,ExcitatoryL6,2
132,0,ExcitatoryL4,0
133,10,Olig,4
134,4,ExcitatoryL5,3
135,3,ExcitatoryL6,2
136,8,Sst,12
137,0,ExcitatoryL4,0
138,1,ExcitatoryL2and3,1
139,10,Olig,4
140,11,Endo,5
141,1,ExcitatoryL2and3,1
142,10,Olig,4
143,13,Astro,7
144,2,ExcitatoryL6,2
145,1,ExcitatoryL2and3,1
146,1,ExcitatoryL2and3,1
147,2,ExcitatoryL6,2
148,1,ExcitatoryL2and3,1
149,4,ExcitatoryL5,3
150,11,Endo,5
151,10,Olig,4
152,2,ExcitatoryL6,2
153,10,Olig,4
154,4,ExcitatoryL5,3
155,10,Olig,4
156,14,Other,8
157,11,Endo,5
158,11,Endo,5
159,8,Sst,12
160,2,ExcitatoryL6,2
161,14,Other,8
162,8,Sst,12
163,1,ExcitatoryL2and3,1
164,11,Endo,5
165,1,ExcitatoryL2and3,1
166,11,Endo,5
167,11,Endo,5
168,11,Endo,5
169,4,ExcitatoryL5,3
170,14,Other,8
171,10,Olig,4
172,2,ExcitatoryL6,2
173,13,Astro,7
174,2,ExcitatoryL6,2
175,0,ExcitatoryL4,0
176,1,ExcitatoryL2and3,1
177,0,ExcitatoryL4,0
178,14,Other,8
179,11,Endo,5
180,2,ExcitatoryL6,2
181,11,Endo,5
182,11,Endo,5
183,0,ExcitatoryL4,0
184,2,ExcitatoryL6,2
185,0,ExcitatoryL4,0
186,8,Sst,12
187,8,Sst,12
188,13,Astro,7
189,13,Astro,7
190,2,ExcitatoryL6,2
191,2,ExcitatoryL6,2
192,13,Astro,7
193,11,Endo,5
194,10,Olig,4
195,2,ExcitatoryL6,2
196,4,ExcitatoryL5,3
197,7,Pvalb,11
198,11,Endo,5
199,11,Endo,5
200,14,Other,8
201,1,ExcitatoryL2and3,1
202,2,ExcitatoryL6,2
203,11,Endo,5
204,13,Astro,7
205,11,Endo,5
206,1,ExcitatoryL2and3,1
207,11,Endo,5
208,1,ExcitatoryL2and3,1
209,2,ExcitatoryL6,2
210,11,Endo,5
211,0,ExcitatoryL4,0
212,2,ExcitatoryL6,2
213,1,ExcitatoryL2and3,1
214,1,ExcitatoryL2and3,1
215,2,ExcitatoryL6,2
216,11,Endo,5
217,4,ExcitatoryL5,3
218,2,ExcitatoryL6,2
219,0,ExcitatoryL4,0
220,13,Astro,7
221,2,ExcitatoryL6,2
222,11,Endo,5
223,11,Endo,5
224,2,ExcitatoryL6,2
225,13,Astro,7
226,4,ExcitatoryL5,3
227,8,Sst,12
228,7,Pvalb,11
229,1,ExcitatoryL2and3,1
230,13,Astro,7
231,11,Endo,5
232,11,Endo,5
233,1,ExcitatoryL2and3,1
234,11,Endo,5
235,1,ExcitatoryL2and3,1
236,14,Other,8
237,11,Endo,5
238,11,Endo,5
239,11,Endo,5
240,11,Endo,5
241,13,Astro,7
242,1,ExcitatoryL2and3,1
243,10,Olig,4
244,3,ExcitatoryL6,2
245,1,ExcitatoryL2and3,1
246,1,ExcitatoryL2and3,1
247,13,Astro,7
248,1,ExcitatoryL2and3,1
249,2,ExcitatoryL6,2
250,11,Endo,5
251,4,ExcitatoryL5,3
252,2,ExcitatoryL6,2
253,11,Endo,5
254,10,Olig,4
255,4,ExcitatoryL5,3
256,10,Olig,4
257,3,ExcitatoryL6,2
258,2,ExcitatoryL6,2
259,13,Astro,7
260,2,ExcitatoryL6,2
261,1,ExcitatoryL2and3,1
262,11,Endo,5
263,2,ExcitatoryL6,2
264,10,Olig,4
265,11,Endo,5
266,10,Olig,4
267,6,Vip,10
268,3,ExcitatoryL6,2
269,2,ExcitatoryL6,2
270,14,Other,8
271,10,Olig,4
272,2,ExcitatoryL6,2
273,11,Endo,5
274,11,Endo,5
275,10,Olig,4
276,11,Endo,5
277,1,ExcitatoryL2and3,1
278,10,Olig,4
279,13,Astro,7
280,1,ExcitatoryL2and3,1
281,4,ExcitatoryL5,3
282,13,Astro,7
283,11,Endo,5
284,11,Endo,5
285,10,Olig,4
286,11,Endo,5
287,11,Endo,5
288,8,Sst,12
289,1,ExcitatoryL2and3,1
290,11,Endo,5
291,10,Olig,4
292,0,ExcitatoryL4,0
293,12,Micro,6
294,10,Olig,4
295,2,ExcitatoryL6,2
296,1,ExcitatoryL2and3,1
297,11,Endo,5
298,11,Endo,5
299,1,ExcitatoryL2and3,1
300,2,ExcitatoryL6,2
301,11,Endo,5
302,11,Endo,5
303,10,Olig,4
304,2,ExcitatoryL6,2
305,6,Vip,10
306,14,Other,8
307,13,Astro,7
308,1,ExcitatoryL2and3,1
309,10,Olig,4
310,2,ExcitatoryL6,2
311,11,Endo,5
312,14,Other,8
313,13,Astro,7
314,1,ExcitatoryL2and3,1
315,0,ExcitatoryL4,0
316,3,ExcitatoryL6,2
317,2,ExcitatoryL6,2
318,2,ExcitatoryL6,2
319,11,Endo,5
320,1,ExcitatoryL2and3,1
321,11,Endo,5
322,10,Olig,4
323,10,Olig,4
324,13,Astro,7
325,2,ExcitatoryL6,2
326,10,Olig,4
327,2,ExcitatoryL6,2
328,0,ExcitatoryL4,0
329,13,Astro,7
330,11,Endo,5
331,7,Pvalb,11
332,2,ExcitatoryL6,2
333,8,Sst,12
334,10,Olig,4
335,10,Olig,4
336,2,ExcitatoryL6,2
337,11,Endo,5
338,11,Endo,5
339,0,ExcitatoryL4,0
340,1,ExcitatoryL2and3,1
341,10,Olig,4
342,11,Endo,5
343,0,ExcitatoryL4,0
344,3,ExcitatoryL6,2
345,2,ExcitatoryL6,2
346,0,ExcitatoryL4,0
347,1,ExcitatoryL2and3,1
348,0,ExcitatoryL4,0
349,3,ExcitatoryL6,2
350,2,ExcitatoryL6,2
351,3,ExcitatoryL6,2
352,13,Astro,7
353,10,Olig,4
354,13,Astro,7
355,1,ExcitatoryL2and3,1
356,4,ExcitatoryL5,3
357,6,Vip,10
358,4,ExcitatoryL5,3
359,1,ExcitatoryL2and3,1
360,13,Astro,7
361,13,Astro,7
362,7,Pvalb,11
363,0,ExcitatoryL4,0
364,11,Endo,5
365,11,Endo,5
366,0,ExcitatoryL4,0
367,4,ExcitatoryL5,3
368,10,Olig,4
369,7,Pvalb,11
370,6,Vip,10
371,4,ExcitatoryL5,3
372,1,ExcitatoryL2and3,1
373,13,Astro,7
374,2,ExcitatoryL6,2
375,13,Astro,7
376,0,ExcitatoryL4,0
377,1,ExcitatoryL2and3,1
378,4,ExcitatoryL5,3
379,0,ExcitatoryL4,0
380,2,ExcitatoryL6,2
381,1,ExcitatoryL2and3,1
382,0,ExcitatoryL4,0
383,11,Endo,5
384,11,Endo,5
385,1,ExcitatoryL2and3,1
386,4,ExcitatoryL5,3
387,5,HPC,9
388,12,Micro,6
389,1,ExcitatoryL2and3,1
390,10,Olig,4
391,3,ExcitatoryL6,2
392,10,Olig,4
393,3,ExcitatoryL6,2
394,10,Olig,4
395,2,ExcitatoryL6,2
396,10,Olig,4
397,14,Other,8
398,0,ExcitatoryL4,0
399,2,ExcitatoryL6,2
400,2,ExcitatoryL6,2
401,5,HPC,9
402,0,ExcitatoryL4,0
403,1,ExcitatoryL2and3,1
404,10,Olig,4
405,11,Endo,5
406,7,Pvalb,11
407,2,ExcitatoryL6,2
408,0,ExcitatoryL4,0
409,14,Other,8
410,2,ExcitatoryL6,2
411,9,Npy,13
412,3,ExcitatoryL6,2
413,12,Micro,6
414,4,ExcitatoryL5,3
415,4,ExcitatoryL5,3
416,3,ExcitatoryL6,2
417,1,ExcitatoryL2and3,1
418,1,ExcitatoryL2and3,1
419,1,ExcitatoryL2and3,1
420,13,Astro,7
421,10,Olig,4
422,1,ExcitatoryL2and3,1
423,2,ExcitatoryL6,2
424,12,Micro,6
425,11,Endo,5
426,13,Astro,7
427,7,Pvalb,11
428,11,Endo,5
429,10,Olig,4
430,13,Astro,7
431,2,ExcitatoryL6,2
432,3,ExcitatoryL6,2
433,6,Vip,10
434,11,Endo,5
435,0,ExcitatoryL4,0
436,8,Sst,12
437,2,ExcitatoryL6,2
438,0,ExcitatoryL4,0
439,10,Olig,4
440,2,ExcitatoryL6,2
441,11,Endo,5
442,1,ExcitatoryL2and3,1
443,13,Astro,7
444,13,Astro,7
445,6,Vip,10
446,11,Endo,5
447,13,Astro,7
448,0,ExcitatoryL4,0
449,10,Olig,4
450,11,Endo,5
451,6,Vip,10
452,10,Olig,4
453,1,ExcitatoryL2and3,1
454,10,Olig,4
455,8,Sst,12
456,11,Endo,5
457,3,ExcitatoryL6,2
458,1,ExcitatoryL2and3,1
459,10,Olig,4
460,7,Pvalb,11
461,1,ExcitatoryL2and3,1
462,2,ExcitatoryL6,2
463,2,ExcitatoryL6,2
464,12,Micro,6
465,1,ExcitatoryL2and3,1
466,11,Endo,5
467,0,ExcitatoryL4,0
468,7,Pvalb,11
469,2,ExcitatoryL6,2
470,5,HPC,9
471,8,Sst,12
472,2,ExcitatoryL6,2
473,2,ExcitatoryL6,2
474,7,Pvalb,11
475,1,ExcitatoryL2and3,1
476,1,ExcitatoryL2and3,1
477,0,ExcitatoryL4,0
478,10,Olig,4
479,2,ExcitatoryL6,2
480,10,Olig,4
481,1,ExcitatoryL2and3,1
482,10,Olig,4
483,0,ExcitatoryL4,0
484,1,ExcitatoryL2and3,1
485,14,Other,8
486,10,Olig,4
487,2,ExcitatoryL6,2
488,13,Astro,7
489,11,Endo,5
490,9,Npy,13
491,2,ExcitatoryL6,2
492,0,ExcitatoryL4,0
493,4,ExcitatoryL5,3
494,0,ExcitatoryL4,0
495,10,Olig,4
496,0,ExcitatoryL4,0
497,2,ExcitatoryL6,2
498,1,ExcitatoryL2and3,1
499,2,ExcitatoryL6,2
500,10,Olig,4
501,2,ExcitatoryL6,2
502,1,ExcitatoryL2and3,1
503,0,ExcitatoryL4,0
504,11,Endo,5
505,13,Astro,7
506,1,ExcitatoryL2and3,1
507,3,ExcitatoryL6,2
508,0,ExcitatoryL4,0
509,13,Astro,7
510,1,ExcitatoryL2and3,1
511,2,ExcitatoryL6,2
512,2,ExcitatoryL6,2
513,0,ExcitatoryL4,0
514,11,Endo,5
515,13,Astro,7
516,0,ExcitatoryL4,0
517,0,ExcitatoryL4,0
518,0,ExcitatoryL4,0
519,1,ExcitatoryL2and3,1
520,12,Micro,6
521,2,ExcitatoryL6,2
522,13,Astro,7
523,1,ExcitatoryL2and3,1
524,13,Astro,7
525,10,Olig,4
526,4,ExcitatoryL5,3
527,1,ExcitatoryL2and3,1
528,2,ExcitatoryL6,2
529,0,ExcitatoryL4,0
530,1,ExcitatoryL2and3,1
531,5,HPC,9
532,11,Endo,5
533,1,ExcitatoryL2and3,1
534,2,ExcitatoryL6,2
535,0,ExcitatoryL4,0
536,10,Olig,4
537,11,Endo,5
538,0,ExcitatoryL4,0
539,14,Other,8
540,1,ExcitatoryL2and3,1
541,4,ExcitatoryL5,3
542,0,ExcitatoryL4,0
543,0,ExcitatoryL4,0
544,0,ExcitatoryL4,0
545,2,ExcitatoryL6,2
546,13,Astro,7
547,13,Astro,7
548,11,Endo,5
549,0,ExcitatoryL4,0
550,13,Astro,7
551,1,ExcitatoryL2and3,1
552,2,ExcitatoryL6,2
553,2,ExcitatoryL6,2
554,10,Olig,4
555,0,ExcitatoryL4,0
556,8,Sst,12
557,2,ExcitatoryL6,2
558,13,Astro,7
559,10,Olig,4
560,14,Other,8
561,0,ExcitatoryL4,0
562,6,Vip,10
563,1,ExcitatoryL2and3,1
564,2,ExcitatoryL6,2
565,1,ExcitatoryL2and3,1
566,13,Astro,7
567,0,ExcitatoryL4,0
568,1,ExcitatoryL2and3,1
569,1,ExcitatoryL2and3,1
570,1,ExcitatoryL2and3,1
571,10,Olig,4
572,10,Olig,4
573,0,ExcitatoryL4,0
574,12,Micro,6
575,2,ExcitatoryL6,2
576,4,ExcitatoryL5,3
577,13,Astro,7
578,1,ExcitatoryL2and3,1
579,3,ExcitatoryL6,2
580,4,ExcitatoryL5,3
581,8,Sst,12
582,4,ExcitatoryL5,3
583,1,ExcitatoryL2and3,1
584,1,ExcitatoryL2and3,1
585,4,ExcitatoryL5,3
586,4,ExcitatoryL5,3
587,14,Other,8
588,10,Olig,4
589,1,ExcitatoryL2and3,1
590,1,ExcitatoryL2and3,1
591,10,Olig,4
592,10,Olig,4
593,13,Astro,7
594,11,Endo,5
595,0,ExcitatoryL4,0
596,1,ExcitatoryL2and3,1
597,0,ExcitatoryL4,0
598,2,ExcitatoryL6,2
599,2,ExcitatoryL6,2
600,14,Other,8
601,13,Astro,7
602,13,Astro,7
603,14,Other,8
604,10,Olig,4
605,2,ExcitatoryL6,2
606,4,ExcitatoryL5,3
607,1,ExcitatoryL2and3,1
608,10,Olig,4
609,1,ExcitatoryL2and3,1
610,1,ExcitatoryL2and3,1
611,0,ExcitatoryL4,0
612,3,ExcitatoryL6,2
613,3,ExcitatoryL6,2
614,10,Olig,4
615,3,ExcitatoryL6,2
616,1,ExcitatoryL2and3,1
617,11,Endo,5
618,10,Olig,4
619,13,Astro,7
620,4,ExcitatoryL5,3
621,10,Olig,4
622,4,ExcitatoryL5,3
623,1,ExcitatoryL2and3,1
624,7,Pvalb,11
625,13,Astro,7
626,1,ExcitatoryL2and3,1
627,0,ExcitatoryL4,0
628,0,ExcitatoryL4,0
629,13,Astro,7
630,10,Olig,4
631,5,HPC,9
632,0,ExcitatoryL4,0
633,0,ExcitatoryL4,0
634,10,Olig,4
635,4,ExcitatoryL5,3
636,10,Olig,4
637,0,ExcitatoryL4,0
638,11,Endo,5
639,10,Olig,4
640,4,ExcitatoryL5,3
641,14,Other,8
642,10,Olig,4
643,10,Olig,4
644,9,Npy,13
645,14,Other,8
646,1,ExcitatoryL2and3,1
647,2,ExcitatoryL6,2
648,14,Other,8
649,2,ExcitatoryL6,2
650,2,ExcitatoryL6,2
651,11,Endo,5
652,1,ExcitatoryL2and3,1
653,10,Olig,4
654,7,Pvalb,11
655,1,ExcitatoryL2and3,1
656,10,Olig,4
657,13,Astro,7
658,13,Astro,7
659,11,Endo,5
660,2,ExcitatoryL6,2
661,0,ExcitatoryL4,0
662,0,ExcitatoryL4,0
663,10,Olig,4
664,2,ExcitatoryL6,2
665,0,ExcitatoryL4,0
666,7,Pvalb,11
667,10,Olig,4
668,1,ExcitatoryL2and3,1
669,0,ExcitatoryL4,0
670,9,Npy,13
671,0,ExcitatoryL4,0
672,4,ExcitatoryL5,3
673,10,Olig,4
674,7,Pvalb,11
675,8,Sst,12
676,2,ExcitatoryL6,2
677,0,ExcitatoryL4,0
678,10,Olig,4
679,12,Micro,6
680,1,ExcitatoryL2and3,1
681,12,Micro,6
682,13,Astro,7
683,2,ExcitatoryL6,2
684,4,ExcitatoryL5,3
685,8,Sst,12
686,3,ExcitatoryL6,2
687,10,Olig,4
688,0,ExcitatoryL4,0
689,1,ExcitatoryL2and3,1
690,1,ExcitatoryL2and3,1
691,3,ExcitatoryL6,2
692,14,Other,8
693,3,ExcitatoryL6,2
694,10,Olig,4
695,14,Other,8
696,10,Olig,4
697,2,ExcitatoryL6,2
698,10,Olig,4
699,10,Olig,4
700,0,ExcitatoryL4,0
701,3,ExcitatoryL6,2
702,11,Endo,5
703,2,ExcitatoryL6,2
704,4,ExcitatoryL5,3
705,13,Astro,7
706,0,ExcitatoryL4,0
707,2,ExcitatoryL6,2
708,11,Endo,5
709,4,ExcitatoryL5,3
710,11,Endo,5
711,1,ExcitatoryL2and3,1
712,2,ExcitatoryL6,2
713,2,ExcitatoryL6,2
714,10,Olig,4
715,11,Endo,5
716,0,ExcitatoryL4,0
717,10,Olig,4
718,13,Astro,7
719,1,ExcitatoryL2and3,1
720,10,Olig,4
721,0,ExcitatoryL4,0
722,14,Other,8
723,11,Endo,5
724,4,ExcitatoryL5,3
725,10,Olig,4
726,2,ExcitatoryL6,2
727,0,ExcitatoryL4,0
728,4,ExcitatoryL5,3
729,4,ExcitatoryL5,3
730,13,Astro,7
731,13,Astro,7
732,10,Olig,4
733,13,Astro,7
734,1,ExcitatoryL2and3,1
735,3,ExcitatoryL6,2
736,8,Sst,12
737,10,Olig,4
738,11,Endo,5
739,3,ExcitatoryL6,2
740,13,Astro,7
741,1,ExcitatoryL2and3,1
742,3,ExcitatoryL6,2
743,0,ExcitatoryL4,0
744,0,ExcitatoryL4,0
745,10,Olig,4
746,0,ExcitatoryL4,0
747,2,ExcitatoryL6,2
748,11,Endo,5
749,0,ExcitatoryL4,0
750,1,ExcitatoryL2and3,1
751,13,Astro,7
752,4,ExcitatoryL5,3
753,0,ExcitatoryL4,0
754,3,ExcitatoryL6,2
755,11,Endo,5
756,0,ExcitatoryL4,0
757,2,ExcitatoryL6,2
758,10,Olig,4
759,1,ExcitatoryL2and3,1
760,1,ExcitatoryL2and3,1
761,1,ExcitatoryL2and3,1
762,11,Endo,5
763,2,ExcitatoryL6,2
764,13,Astro,7
765,10,Olig,4
766,0,ExcitatoryL4,0
767,11,Endo,5
768,2,ExcitatoryL6,2
769,7,Pvalb,11
770,4,ExcitatoryL5,3
771,0,ExcitatoryL4,0
772,14,Other,8
773,13,Astro,7
774,4,ExcitatoryL5,3
775,10,Olig,4
776,11,Endo,5
777,0,ExcitatoryL4,0
778,4,ExcitatoryL5,3
779,1,ExcitatoryL2and3,1
780,1,ExcitatoryL2and3,1
781,4,ExcitatoryL5,3
782,1,ExcitatoryL2and3,1
783,13,Astro,7
784,2,ExcitatoryL6,2
785,4,ExcitatoryL5,3
786,0,ExcitatoryL4,0
787,2,ExcitatoryL6,2
788,0,ExcitatoryL4,0
789,0,ExcitatoryL4,0
790,0,ExcitatoryL4,0
791,0,ExcitatoryL4,0
792,8,Sst,12
793,9,Npy,13
794,4,ExcitatoryL5,3
795,0,ExcitatoryL4,0
796,4,ExcitatoryL5,3
797,2,ExcitatoryL6,2
798,7,Pvalb,11
799,13,Astro,7
800,0,ExcitatoryL4,0
801,10,Olig,4
802,14,Other,8
803,1,ExcitatoryL2and3,1
804,1,ExcitatoryL2and3,1
805,10,Olig,4
806,10,Olig,4
807,11,Endo,5
808,13,Astro,7
809,0,ExcitatoryL4,0
810,2,ExcitatoryL6,2
811,14,Other,8
812,1,ExcitatoryL2and3,1
813,0,ExcitatoryL4,0
814,4,ExcitatoryL5,3
815,11,Endo,5
816,12,Micro,6
817,2,ExcitatoryL6,2
818,2,ExcitatoryL6,2
819,1,ExcitatoryL2and3,1
820,11,Endo,5
821,1,ExcitatoryL2and3,1
822,13,Astro,7
823,10,Olig,4
824,2,ExcitatoryL6,2
825,13,Astro,7
826,0,ExcitatoryL4,0
827,13,Astro,7
828,1,ExcitatoryL2and3,1
829,13,Astro,7
830,3,ExcitatoryL6,2
831,3,ExcitatoryL6,2
832,11,Endo,5
833,7,Pvalb,11
834,7,Pvalb,11
835,7,Pvalb,11
836,2,ExcitatoryL6,2
837,0,ExcitatoryL4,0
838,11,Endo,5
839,3,ExcitatoryL6,2
840,1,ExcitatoryL2and3,1
841,0,ExcitatoryL4,0
842,0,ExcitatoryL4,0
843,3,ExcitatoryL6,2
844,2,ExcitatoryL6,2
845,13,Astro,7
846,10,Olig,4
847,0,ExcitatoryL4,0
848,2,ExcitatoryL6,2
849,1,ExcitatoryL2and3,1
850,1,ExcitatoryL2and3,1
851,6,Vip,10
852,10,Olig,4
853,9,Npy,13
854,1,ExcitatoryL2and3,1
855,13,Astro,7
856,0,ExcitatoryL4,0
857,14,Other,8
858,12,Micro,6
859,2,ExcitatoryL6,2
860,1,ExcitatoryL2and3,1
861,7,Pvalb,11
862,4,ExcitatoryL5,3
863,4,ExcitatoryL5,3
864,6,Vip,10
865,10,Olig,4
866,3,ExcitatoryL6,2
867,1,ExcitatoryL2and3,1
868,0,ExcitatoryL4,0
869,5,HPC,9
870,0,ExcitatoryL4,0
871,10,Olig,4
872,0,ExcitatoryL4,0
873,1,ExcitatoryL2and3,1
874,10,Olig,4
875,11,Endo,5
876,11,Endo,5
877,0,ExcitatoryL4,0
878,10,Olig,4
879,8,Sst,12
880,11,Endo,5
881,10,Olig,4
882,13,Astro,7
883,2,ExcitatoryL6,2
884,10,Olig,4
885,2,ExcitatoryL6,2
886,2,ExcitatoryL6,2
887,2,ExcitatoryL6,2
888,4,ExcitatoryL5,3
889,1,ExcitatoryL2and3,1
890,13,Astro,7
891,0,ExcitatoryL4,0
892,0,ExcitatoryL4,0
893,1,ExcitatoryL2and3,1
894,10,Olig,4
895,10,Olig,4
896,10,Olig,4
897,1,ExcitatoryL2and3,1
898,1,ExcitatoryL2and3,1
899,1,ExcitatoryL2and3,1
900,3,ExcitatoryL6,2
901,11,Endo,5
902,1,ExcitatoryL2and3,1
903,8,Sst,12
904,1,ExcitatoryL2and3,1
905,0,ExcitatoryL4,0
906,0,ExcitatoryL4,0
907,14,Other,8
908,7,Pvalb,11
909,0,ExcitatoryL4,0
910,2,ExcitatoryL6,2
911,4,ExcitatoryL5,3
912,13,Astro,7
913,13,Astro,7
914,0,ExcitatoryL4,0
915,10,Olig,4
916,1,ExcitatoryL2and3,1
917,5,HPC,9
918,1,ExcitatoryL2and3,1
919,8,Sst,12
920,1,ExcitatoryL2and3,1
921,10,Olig,4
922,3,ExcitatoryL6,2
923,8,Sst,12
924,1,ExcitatoryL2and3,1
925,2,ExcitatoryL6,2
926,0,ExcitatoryL4,0
927,9,Npy,13
928,1,ExcitatoryL2and3,1
929,2,ExcitatoryL6,2
930,1,ExcitatoryL2and3,1
931,6,Vip,10
932,2,ExcitatoryL6,2
933,1,ExcitatoryL2and3,1
934,13,Astro,7
935,10,Olig,4
936,13,Astro,7
937,0,ExcitatoryL4,0
938,10,Olig,4
939,0,ExcitatoryL4,0
940,0,ExcitatoryL4,0
941,11,Endo,5
942,0,ExcitatoryL4,0
943,0,ExcitatoryL4,0
944,0,ExcitatoryL4,0
945,8,Sst,12
946,1,ExcitatoryL2and3,1
947,14,Other,8
948,10,Olig,4
949,12,Micro,6
950,2,ExcitatoryL6,2
951,2,ExcitatoryL6,2
952,13,Astro,7
953,0,ExcitatoryL4,0
954,1,ExcitatoryL2and3,1
955,13,Astro,7
956,7,Pvalb,11
957,10,Olig,4
958,2,ExcitatoryL6,2
959,13,Astro,7
960,4,ExcitatoryL5,3
961,2,ExcitatoryL6,2
962,13,Astro,7
963,1,ExcitatoryL2and3,1
964,13,Astro,7
965,0,ExcitatoryL4,0
966,13,Astro,7
967,4,ExcitatoryL5,3
968,11,Endo,5
969,2,ExcitatoryL6,2
970,7,Pvalb,11
971,13,Astro,7
972,11,Endo,5
973,1,ExcitatoryL2and3,1
974,2,ExcitatoryL6,2
975,14,Other,8
976,7,Pvalb,11
977,1,ExcitatoryL2and3,1
978,3,ExcitatoryL6,2
979,2,ExcitatoryL6,2
980,0,ExcitatoryL4,0
981,10,Olig,4
982,1,ExcitatoryL2and3,1
983,1,ExcitatoryL2and3,1
984,2,ExcitatoryL6,2
985,3,ExcitatoryL6,2
986,2,ExcitatoryL6,2
987,1,ExcitatoryL2and3,1
988,14,Other,8
989,1,ExcitatoryL2and3,1
990,1,ExcitatoryL2and3,1
991,0,ExcitatoryL4,0
992,2,ExcitatoryL6,2
993,0,ExcitatoryL4,0
994,1,ExcitatoryL2and3,1
995,9,Npy,13
996,13,Astro,7
997,10,Olig,4
998,13,Astro,7
999,9,Npy,13
1000,14,Other,8
1001,1,ExcitatoryL2and3,1
1002,10,Olig,4
1003,7,Pvalb,11
1004,2,ExcitatoryL6,2
1005,1,ExcitatoryL2and3,1
1006,0,ExcitatoryL4,0
1007,10,Olig,4
1008,7,Pvalb,11
1009,2,ExcitatoryL6,2
1010,10,Olig,4
1011,0,ExcitatoryL4,0
1012,3,ExcitatoryL6,2
1013,0,ExcitatoryL4,0
1014,1,ExcitatoryL2and3,1
1015,10,Olig,4
1016,2,ExcitatoryL6,2
1017,1,ExcitatoryL2and3,1
1018,1,ExcitatoryL2and3,1
1019,14,Other,8
1020,13,Astro,7
1021,10,Olig,4
1022,0,ExcitatoryL4,0
1023,10,Olig,4
1024,11,Endo,5
1025,8,Sst,12
1026,1,ExcitatoryL2and3,1
1027,2,ExcitatoryL6,2
1028,0,ExcitatoryL4,0
1029,1,ExcitatoryL2and3,1
1030,1,ExcitatoryL2and3,1
1031,13,Astro,7
1032,4,ExcitatoryL5,3
1033,0,ExcitatoryL4,0
1034,2,ExcitatoryL6,2
1035,1,ExcitatoryL2and3,1
1036,2,ExcitatoryL6,2
1037,13,Astro,7
1038,8,Sst,12
1039,3,ExcitatoryL6,2
1040,11,Endo,5
1041,11,Endo,5
1042,7,Pvalb,11
1043,2,ExcitatoryL6,2
1044,13,Astro,7
1045,1,ExcitatoryL2and3,1
1046,1,ExcitatoryL2and3,1
1047,3,ExcitatoryL6,2
1048,1,ExcitatoryL2and3,1
1049,10,Olig,4
1050,3,ExcitatoryL6,2
1051,1,ExcitatoryL2and3,1
1052,10,Olig,4
1053,2,ExcitatoryL6,2
1054,8,Sst,12
1055,2,ExcitatoryL6,2
1056,0,ExcitatoryL4,0
1057,2,ExcitatoryL6,2
1058,3,ExcitatoryL6,2
1059,11,Endo,5
1060,11,Endo,5
1061,3,ExcitatoryL6,2
1062,11,Endo,5
1063,3,ExcitatoryL6,2
1064,3,ExcitatoryL6,2
1065,1,ExcitatoryL2and3,1
1066,1,ExcitatoryL2and3,1
1067,10,Olig,4
1068,10,Olig,4
1069,2,ExcitatoryL6,2
1070,1,ExcitatoryL2and3,1
1071,8,Sst,12
1072,3,ExcitatoryL6,2
1073,2,ExcitatoryL6,2
1074,10,Olig,4
1075,2,ExcitatoryL6,2
1076,10,Olig,4
1077,2,ExcitatoryL6,2
1078,4,ExcitatoryL5,3
1079,0,ExcitatoryL4,0
1080,1,ExcitatoryL2and3,1
1081,1,ExcitatoryL2and3,1
1082,2,ExcitatoryL6,2
1083,2,ExcitatoryL6,2
1084,1,ExcitatoryL2and3,1
1085,12,Micro,6
1086,1,ExcitatoryL2and3,1
1087,2,ExcitatoryL6,2
1088,4,ExcitatoryL5,3
1089,13,Astro,7
1090,12,Micro,6
1091,3,ExcitatoryL6,2
1092,11,Endo,5
1093,1,ExcitatoryL2and3,1
1094,0,ExcitatoryL4,0
1095,2,ExcitatoryL6,2
1096,1,ExcitatoryL2and3,1
1097,1,ExcitatoryL2and3,1
1098,2,ExcitatoryL6,2
1099,0,ExcitatoryL4,0
1100,10,Olig,4
1101,2,ExcitatoryL6,2
1102,13,Astro,7
1103,9,Npy,13
1104,13,Astro,7
1105,10,Olig,4
1106,11,Endo,5
1107,1,ExcitatoryL2and3,1
1108,13,Astro,7
1109,1,ExcitatoryL2and3,1
1110,10,Olig,4
1111,4,ExcitatoryL5,3
1112,7,Pvalb,11
1113,1,ExcitatoryL2and3,1
1114,4,ExcitatoryL5,3
1115,10,Olig,4
1116,0,ExcitatoryL4,0
1117,2,ExcitatoryL6,2
1118,11,Endo,5
1119,1,ExcitatoryL2and3,1
1120,13,Astro,7
1121,0,ExcitatoryL4,0
1122,1,ExcitatoryL2and3,1
1123,10,Olig,4
1124,0,ExcitatoryL4,0
1125,0,ExcitatoryL4,0
1126,2,ExcitatoryL6,2
1127,4,ExcitatoryL5,3
1128,13,Astro,7
1129,1,ExcitatoryL2and3,1
1130,3,ExcitatoryL6,2
1131,2,ExcitatoryL6,2
1132,0,ExcitatoryL4,0
1133,13,Astro,7
1134,8,Sst,12
1135,1,ExcitatoryL2and3,1
1136,1,ExcitatoryL2and3,1
1137,13,Astro,7
1138,2,ExcitatoryL6,2
1139,0,ExcitatoryL4,0
1140,4,ExcitatoryL5,3
1141,8,Sst,12
1142,0,ExcitatoryL4,0
1143,0,ExcitatoryL4,0
1144,4,ExcitatoryL5,3
1145,0,ExcitatoryL4,0
1146,11,Endo,5
1147,13,Astro,7
1148,10,Olig,4
1149,0,ExcitatoryL4,0
1150,11,Endo,5
1151,1,ExcitatoryL2and3,1
1152,1,ExcitatoryL2and3,1
1153,2,ExcitatoryL6,2
1154,7,Pvalb,11
1155,1,ExcitatoryL2and3,1
1156,13,Astro,7
1157,13,Astro,7
1158,10,Olig,4
1159,2,ExcitatoryL6,2
1160,0,ExcitatoryL4,0
1161,13,Astro,7
1162,2,ExcitatoryL6,2
1163,10,Olig,4
1164,4,ExcitatoryL5,3
1165,7,Pvalb,11
1166,1,ExcitatoryL2and3,1
1167,2,ExcitatoryL6,2
1168,1,ExcitatoryL2and3,1
1169,1,ExcitatoryL2and3,1
1170,2,ExcitatoryL6,2
1171,1,ExcitatoryL2and3,1
1172,15,Smc,14
1173,10,Olig,4
1174,1,ExcitatoryL2and3,1
1175,2,ExcitatoryL6,2
1176,3,ExcitatoryL6,2
1177,13,Astro,7
1178,1,ExcitatoryL2and3,1
1179,3,ExcitatoryL6,2
1180,1,ExcitatoryL2and3,1
1181,1,ExcitatoryL2and3,1
1182,10,Olig,4
1183,1,ExcitatoryL2and3,1
1184,1,ExcitatoryL2and3,1
1185,1,ExcitatoryL2and3,1
1186,2,ExcitatoryL6,2
1187,3,ExcitatoryL6,2
1188,0,ExcitatoryL4,0
1189,11,Endo,5
1190,8,Sst,12
1191,1,ExcitatoryL2and3,1
1192,0,ExcitatoryL4,0
1193,0,ExcitatoryL4,0
1194,1,ExcitatoryL2and3,1
1195,7,Pvalb,11
1196,12,Micro,6
1197,14,Other,8
1198,1,ExcitatoryL2and3,1
1199,2,ExcitatoryL6,2
1200,1,ExcitatoryL2and3,1
1201,1,ExcitatoryL2and3,1
1202,0,ExcitatoryL4,0
1203,10,Olig,4
1204,11,Endo,5
1205,4,ExcitatoryL5,3
1206,10,Olig,4
1207,4,ExcitatoryL5,3
1208,10,Olig,4
1209,3,ExcitatoryL6,2
1210,1,ExcitatoryL2and3,1
1211,12,Micro,6
1212,10,Olig,4
1213,7,Pvalb,11
1214,12,Micro,6
1215,2,ExcitatoryL6,2
1216,11,Endo,5
1217,10,Olig,4
1218,7,Pvalb,11
1219,2,ExcitatoryL6,2
1220,15,Smc,14
1221,2,ExcitatoryL6,2
1222,4,ExcitatoryL5,3
1223,1,ExcitatoryL2and3,1
1224,1,ExcitatoryL2and3,1
1225,2,ExcitatoryL6,2
1226,4,ExcitatoryL5,3
1227,11,Endo,5
1228,11,Endo,5
1229,1,ExcitatoryL2and3,1
1230,15,Smc,14
1231,11,Endo,5
1232,10,Olig,4
1233,7,Pvalb,11
1234,13,Astro,7
1235,10,Olig,4
1236,13,Astro,7
1237,2,ExcitatoryL6,2
1238,2,ExcitatoryL6,2
1239,2,ExcitatoryL6,2
1240,1,ExcitatoryL2and3,1
1241,13,Astro,7
1242,0,ExcitatoryL4,0
1243,1,ExcitatoryL2and3,1
1244,10,Olig,4
1245,1,ExcitatoryL2and3,1
1246,11,Endo,5
1247,1,ExcitatoryL2and3,1
1248,4,ExcitatoryL5,3
1249,2,ExcitatoryL6,2
1250,13,Astro,7
1251,13,Astro,7
1252,0,ExcitatoryL4,0
1253,1,ExcitatoryL2and3,1
1254,1,ExcitatoryL2and3,1
1255,1,ExcitatoryL2and3,1
1256,10,Olig,4
1257,2,ExcitatoryL6,2
1258,0,ExcitatoryL4,0
1259,15,Smc,14
1260,13,Astro,7
1261,2,ExcitatoryL6,2
1262,0,ExcitatoryL4,0
1263,11,Endo,5
1264,13,Astro,7
1265,13,Astro,7
1266,1,ExcitatoryL2and3,1
1267,2,ExcitatoryL6,2
1268,2,ExcitatoryL6,2
1269,8,Sst,12
1270,12,Micro,6
1271,0,ExcitatoryL4,0
1272,2,ExcitatoryL6,2
1273,1,ExcitatoryL2and3,1
1274,0,ExcitatoryL4,0
1275,2,ExcitatoryL6,2
1276,1,ExcitatoryL2and3,1
1277,2,ExcitatoryL6,2
1278,0,ExcitatoryL4,0
1279,11,Endo,5
1280,15,Smc,14
1281,10,Olig,4
1282,13,Astro,7
1283,4,ExcitatoryL5,3
1284,1,ExcitatoryL2and3,1
1285,10,Olig,4
1286,4,ExcitatoryL5,3
1287,2,ExcitatoryL6,2
1288,4,ExcitatoryL5,3
1289,13,Astro,7
1290,2,ExcitatoryL6,2
1291,0,ExcitatoryL4,0
1292,13,Astro,7
1293,1,ExcitatoryL2and3,1
1294,15,Smc,14
1295,2,ExcitatoryL6,2
1296,7,Pvalb,11
1297,10,Olig,4
1298,10,Olig,4
1299,1,ExcitatoryL2and3,1
1300,10,Olig,4
1301,10,Olig,4
1302,0,ExcitatoryL4,0
1303,13,Astro,7
1304,0,ExcitatoryL4,0
1305,1,ExcitatoryL2and3,1
1306,6,Vip,10
1307,7,Pvalb,11
1308,2,ExcitatoryL6,2
1309,8,Sst,12
1310,1,ExcitatoryL2and3,1
1311,10,Olig,4
1312,0,ExcitatoryL4,0
1313,1,ExcitatoryL2and3,1
1314,0,ExcitatoryL4,0
1315,1,ExcitatoryL2and3,1
1316,1,ExcitatoryL2and3,1
1317,15,Smc,14
1318,15,Smc,14
1319,11,Endo,5
1320,0,ExcitatoryL4,0
1321,13,Astro,7
1322,10,Olig,4
1323,3,ExcitatoryL6,2
1324,8,Sst,12
1325,10,Olig,4
1326,1,ExcitatoryL2and3,1
1327,1,ExcitatoryL2and3,1
1328,1,ExcitatoryL2and3,1
1329,1,ExcitatoryL2and3,1
1330,10,Olig,4
1331,0,ExcitatoryL4,0
1332,0,ExcitatoryL4,0
1333,4,ExcitatoryL5,3
1334,2,ExcitatoryL6,2
1335,0,ExcitatoryL4,0
1336,8,Sst,12
1337,1,ExcitatoryL2and3,1
1338,10,Olig,4
1339,2,ExcitatoryL6,2
1340,8,Sst,12
1341,13,Astro,7
1342,4,ExcitatoryL5,3
1343,4,ExcitatoryL5,3
1344,14,Other,8
1345,0,ExcitatoryL4,0
1346,14,Other,8
1347,2,ExcitatoryL6,2
1348,2,ExcitatoryL6,2
1349,10,Olig,4
1350,13,Astro,7
1351,10,Olig,4
1352,3,ExcitatoryL6,2
1353,0,ExcitatoryL4,0
1354,10,Olig,4
1355,4,ExcitatoryL5,3
1356,1,ExcitatoryL2and3,1
1357,2,ExcitatoryL6,2
1358,2,ExcitatoryL6,2
1359,0,ExcitatoryL4,0
1360,10,Olig,4
1361,15,Smc,14
1362,0,ExcitatoryL4,0
1363,13,Astro,7
1364,1,ExcitatoryL2and3,1
1365,2,ExcitatoryL6,2
1366,0,ExcitatoryL4,0
1367,3,ExcitatoryL6,2
1368,0,ExcitatoryL4,0
1369,10,Olig,4
1370,3,ExcitatoryL6,2
1371,3,ExcitatoryL6,2
1372,2,ExcitatoryL6,2
1373,4,ExcitatoryL5,3
1374,15,Smc,14
1375,2,ExcitatoryL6,2
1376,2,ExcitatoryL6,2
1377,8,Sst,12
1378,11,Endo,5
1379,3,ExcitatoryL6,2
1380,11,Endo,5
1381,10,Olig,4
1382,13,Astro,7
1383,7,Pvalb,11
1384,11,Endo,5
1385,1,ExcitatoryL2and3,1
1386,2,ExcitatoryL6,2
1387,1,ExcitatoryL2and3,1
1388,13,Astro,7
1389,1,ExcitatoryL2and3,1
1390,13,Astro,7
1391,11,Endo,5
1392,13,Astro,7
1393,0,ExcitatoryL4,0
1394,1,ExcitatoryL2and3,1
1395,10,Olig,4
1396,0,ExcitatoryL4,0
1397,2,ExcitatoryL6,2
1398,10,Olig,4
1399,3,ExcitatoryL6,2
1400,11,Endo,5
1401,2,ExcitatoryL6,2
1402,11,Endo,5
1403,10,Olig,4
1404,1,ExcitatoryL2and3,1
1405,13,Astro,7
1406,10,Olig,4
1407,1,ExcitatoryL2and3,1
1408,11,Endo,5
1409,8,Sst,12
1410,0,ExcitatoryL4,0
1411,1,ExcitatoryL2and3,1
1412,14,Other,8
1413,12,Micro,6
1414,11,Endo,5
1415,14,Other,8
1416,11,Endo,5
1417,10,Olig,4
1418,10,Olig,4
1419,11,Endo,5
1420,4,ExcitatoryL5,3
1421,10,Olig,4
1422,7,Pvalb,11
1423,11,Endo,5
1424,4,ExcitatoryL5,3
1425,8,Sst,12
1426,2,ExcitatoryL6,2
1427,13,Astro,7
1428,11,Endo,5
1429,1,ExcitatoryL2and3,1
1430,8,Sst,12
1431,13,Astro,7
1432,13,Astro,7
1433,10,Olig,4
1434,10,Olig,4
1435,7,Pvalb,11
1436,11,Endo,5
1437,4,ExcitatoryL5,3
1438,2,ExcitatoryL6,2
1439,0,ExcitatoryL4,0
1440,10,Olig,4
1441,1,ExcitatoryL2and3,1
1442,1,ExcitatoryL2and3,1
1443,2,ExcitatoryL6,2
1444,7,Pvalb,11
1445,4,ExcitatoryL5,3
1446,6,Vip,10
1447,15,Smc,14
1448,9,Npy,13
1449,4,ExcitatoryL5,3
1450,11,Endo,5
1451,0,ExcitatoryL4,0
1452,11,Endo,5
1453,10,Olig,4
1454,3,ExcitatoryL6,2
1455,1,ExcitatoryL2and3,1
1456,10,Olig,4
1457,0,ExcitatoryL4,0
1458,1,ExcitatoryL2and3,1
1459,13,Astro,7
1460,0,ExcitatoryL4,0
1461,2,ExcitatoryL6,2
1462,3,ExcitatoryL6,2
1463,1,ExcitatoryL2and3,1
1464,13,Astro,7
1465,13,Astro,7
1466,15,Smc,14
1467,10,Olig,4
1468,13,Astro,7
1469,10,Olig,4
1470,1,ExcitatoryL2and3,1
1471,2,ExcitatoryL6,2
1472,2,ExcitatoryL6,2
1473,13,Astro,7
1474,10,Olig,4
1475,11,Endo,5
1476,12,Micro,6
1477,0,ExcitatoryL4,0
1478,2,ExcitatoryL6,2
1479,4,ExcitatoryL5,3
1480,1,ExcitatoryL2and3,1
1481,11,Endo,5
1482,2,ExcitatoryL6,2
1483,1,ExcitatoryL2and3,1
1484,15,Smc,14
1485,8,Sst,12
1486,0,ExcitatoryL4,0
1487,10,Olig,4
1488,13,Astro,7
1489,10,Olig,4
1490,1,ExcitatoryL2and3,1
1491,13,Astro,7
1492,1,ExcitatoryL2and3,1
1493,10,Olig,4
1494,4,ExcitatoryL5,3
1495,13,Astro,7
1496,2,ExcitatoryL6,2
1497,2,ExcitatoryL6,2
1498,4,ExcitatoryL5,3
1499,2,ExcitatoryL6,2
1500,3,ExcitatoryL6,2
1501,10,Olig,4
1502,2,ExcitatoryL6,2
1503,13,Astro,7
1504,10,Olig,4
1505,0,ExcitatoryL4,0
1506,0,ExcitatoryL4,0
1507,2,ExcitatoryL6,2
1508,1,ExcitatoryL2and3,1
1509,11,Endo,5
1510,14,Other,8
1511,1,ExcitatoryL2and3,1
1512,0,ExcitatoryL4,0
1513,10,Olig,4
1514,2,ExcitatoryL6,2
1515,7,Pvalb,11
1516,1,ExcitatoryL2and3,1
1517,10,Olig,4
1518,10,Olig,4
1519,10,Olig,4
1520,2,ExcitatoryL6,2
1521,1,ExcitatoryL2and3,1
1522,1,ExcitatoryL2and3,1
